{
  "best_global_step": null,
  "best_metric": null,
  "best_model_checkpoint": null,
  "epoch": 3.0,
  "eval_steps": 500,
  "global_step": 435,
  "is_hyper_param_search": false,
  "is_local_process_zero": true,
  "is_world_process_zero": true,
  "log_history": [
    {
      "epoch": 1.0,
      "grad_norm": 4.779874324798584,
      "learning_rate": 1.3379310344827587e-05,
      "loss": 0.38213398374360186,
      "step": 145
    },
    {
      "epoch": 1.0,
      "eval_accuracy": 0.9066147859922179,
      "eval_f1": 0.9065128617955079,
      "eval_loss": 0.22539693117141724,
      "eval_precision": 0.9081749931362247,
      "eval_recall": 0.9066147859922179,
      "eval_runtime": 2.5589,
      "eval_samples_per_second": 100.432,
      "eval_steps_per_second": 6.643,
      "step": 145
    },
    {
      "epoch": 2.0,
      "grad_norm": 2.107682943344116,
      "learning_rate": 6.71264367816092e-06,
      "loss": 0.21894704884496227,
      "step": 290
    },
    {
      "epoch": 2.0,
      "eval_accuracy": 0.914396887159533,
      "eval_f1": 0.9141604001143454,
      "eval_loss": 0.23426474630832672,
      "eval_precision": 0.9194073593991626,
      "eval_recall": 0.914396887159533,
      "eval_runtime": 2.5459,
      "eval_samples_per_second": 100.947,
      "eval_steps_per_second": 6.677,
      "step": 290
    }
  ],
  "logging_steps": 500,
  "max_steps": 435,
  "num_input_tokens_seen": 0,
  "num_train_epochs": 3,
  "save_steps": 500,
  "stateful_callbacks": {
    "TrainerControl": {
      "args": {
        "should_epoch_stop": false,
        "should_evaluate": false,
        "should_log": false,
        "should_save": true,
        "should_training_stop": true
      },
      "attributes": {}
    }
  },
  "total_flos": 916806866098176.0,
  "train_batch_size": 16,
  "trial_name": null,
  "trial_params": null
}
