{
  "best_global_step": null,
  "best_metric": null,
  "best_model_checkpoint": null,
  "epoch": 3.0,
  "eval_steps": 500,
  "global_step": 435,
  "is_hyper_param_search": false,
  "is_local_process_zero": true,
  "is_world_process_zero": true,
  "log_history": [
    {
      "epoch": 1.0,
      "grad_norm": 1.4454914331436157,
      "learning_rate": 1.3379310344827587e-05,
      "loss": 0.3706453783758755,
      "step": 145
    },
    {
      "epoch": 1.0,
      "eval_accuracy": 0.9105058365758755,
      "eval_f1": 0.9105058365758755,
      "eval_loss": 0.21431058645248413,
      "eval_precision": 0.910533407610171,
      "eval_recall": 0.9105058365758755,
      "eval_runtime": 151.212,
      "eval_samples_per_second": 1.7,
      "eval_steps_per_second": 0.112,
      "step": 145
    },
    {
      "epoch": 2.0,
      "grad_norm": 0.45908892154693604,
      "learning_rate": 6.71264367816092e-06,
      "loss": 0.18802399470888334,
      "step": 290
    },
    {
      "epoch": 2.0,
      "eval_accuracy": 0.9105058365758755,
      "eval_f1": 0.9099332833208658,
      "eval_loss": 0.2698433995246887,
      "eval_precision": 0.9218141116595142,
      "eval_recall": 0.9105058365758755,
      "eval_runtime": 78.9529,
      "eval_samples_per_second": 3.255,
      "eval_steps_per_second": 0.215,
      "step": 290
    }
  ],
  "logging_steps": 500,
  "max_steps": 435,
  "num_input_tokens_seen": 0,
  "num_train_epochs": 3,
  "save_steps": 500,
  "stateful_callbacks": {
    "TrainerControl": {
      "args": {
        "should_epoch_stop": false,
        "should_evaluate": false,
        "should_log": false,
        "should_save": true,
        "should_training_stop": true
      },
      "attributes": {}
    }
  },
  "total_flos": 916806866098176.0,
  "train_batch_size": 16,
  "trial_name": null,
  "trial_params": null
}
